Order Date,Customer ID,Product,Region,Quantity,Sales,Profit
2024-01-01,CUST-0173,Desk Lamp,South,5,140.63,26.26
2024-01-01,CUST-0104,Laptop Stand,Central,5,147.27,17.23
2024-01-01,CUST-0138,Laptop Stand,Central,5,168.08,28.43
2024-01-01,CUST-0066,Notebook Set,South,4,43.63,5.58
2024-01-02,CUST-0118,Monitor Arm,East,5,188.49,43.98
2024-01-02,CUST-0214,Water Bottle,South,3,39.14,10.28
2024-01-02,CUST-0145,Mechanical Keyboard,West,4,286.18,85.25
2024-01-03,CUST-0220,Desk Lamp,Central,3,77.19,14.5
2024-01-03,CUST-0153,Desk Lamp,Central,4,100.6,17.04
2024-01-03,CUST-0099,Laptop Stand,West,5,187.86,49.38
2024-01-04,CUST-0138,Water Bottle,North,4,44.66,11.88
2024-01-04,CUST-0004,Office Chair,West,3,347.63,38.21
2024-01-05,CUST-0180,Wireless Mouse,South,5,75.71,17.35
2024-01-05,CUST-0202,Office Chair,East,1,129.58,13.88
2024-01-05,CUST-0033,Mechanical Keyboard,West,5,222.27,62.14
2024-01-05,CUST-0223,Mechanical Keyboard,South,4,304.75,42.44
2024-01-05,CUST-0217,Desk Lamp,East,1,22.63,6.66
2024-01-06,CUST-0170,Mechanical Keyboard,South,1,48.57,14.11
2024-01-07,CUST-0046,Notebook Set,South,4,60.76,11.01
2024-01-07,CUST-0097,Mechanical Keyboard,Central,4,258.74,56.74
2024-01-08,CUST-0159,Notebook Set,South,2,27.09,3.75
2024-01-08,CUST-0117,Laptop Stand,South,4,147.3,27.06
2024-01-08,CUST-0107,Mechanical Keyboard,West,5,278.55,54.91
2024-01-09,CUST-0091,Water Bottle,West,1,10.72,1.24
2024-01-09,CUST-0118,Water Bottle,Central,3,26.25,6.33
2024-01-10,CUST-0112,Laptop Stand,East,2,68.03,16.89
2024-01-10,CUST-0077,Laptop Stand,South,3,120.01,26.91
2024-01-11,CUST-0116,Wireless Mouse,West,3,42.05,12.18
2024-01-11,CUST-0198,Desk Lamp,East,4,123.0,25.28
2024-01-11,CUST-0173,Office Chair,East,3,314.74,32.37
2024-01-12,CUST-0160,Mechanical Keyboard,South,1,48.31,9.47
2024-01-12,CUST-0212,Water Bottle,North,3,28.23,5.28
2024-01-12,CUST-0123,Notebook Set,West,1,14.72,3.73
2024-01-13,CUST-0230,Monitor Arm,South,4,167.13,29.92
2024-01-14,CUST-0179,Office Chair,North,1,102.71,23.79
2024-01-15,CUST-0058,Desk Lamp,East,3,75.05,17.04
2024-01-15,CUST-0141,Monitor Arm,Central,5,203.99,44.09
2024-01-15,CUST-0179,Wireless Mouse,Central,3,42.14,6.74
2024-01-15,CUST-0069,Desk Lamp,North,4,108.43,28.26
2024-01-15,CUST-0055,Monitor Arm,Central,5,252.93,70.69
2024-01-16,CUST-0231,Mechanical Keyboard,Central,3,242.22,67.5
2024-01-16,CUST-0202,Notebook Set,Central,3,40.18,10.92
2024-01-16,CUST-0025,Monitor Arm,North,4,196.26,24.69
2024-01-17,CUST-0186,Water Bottle,South,5,63.11,15.97
2024-01-17,CUST-0150,Mechanical Keyboard,East,5,352.05,35.72
2024-01-17,CUST-0208,Wireless Mouse,South,5,89.96,18.87
2024-01-17,CUST-0074,Monitor Arm,North,3,127.2,30.46
2024-01-18,CUST-0023,Laptop Stand,North,3,97.02,15.82
2024-01-18,CUST-0038,Office Chair,North,5,471.18,99.27
2024-01-19,CUST-0064,Desk Lamp,North,5,144.18,21.58
2024-01-19,CUST-0016,Mechanical Keyboard,Central,5,260.32,43.34
2024-01-20,CUST-0250,Monitor Arm,South,2,75.55,13.89
2024-01-20,CUST-0051,Monitor Arm,East,4,219.65,65.47
2024-01-21,CUST-0198,Mechanical Keyboard,Central,2,109.93,19.3
2024-01-21,CUST-0135,Notebook Set,East,5,67.45,10.15
2024-01-22,CUST-0017,Office Chair,North,2,183.66,30.54
2024-01-22,CUST-0123,Water Bottle,West,4,32.3,5.81
2024-01-23,CUST-0067,Wireless Mouse,East,5,57.48,14.1
2024-01-23,CUST-0218,Mechanical Keyboard,East,4,274.57,68.89
2024-01-23,CUST-0154,Office Chair,East,5,629.5,168.59
2024-01-23,CUST-0246,Wireless Mouse,North,2,41.3,6.5
2024-01-25,CUST-0232,Laptop Stand,Central,5,185.83,21.76
2024-01-25,CUST-0058,Office Chair,Central,2,211.42,36.71
2024-01-25,CUST-0014,Desk Lamp,North,1,24.07,2.53
2024-01-25,CUST-0242,Monitor Arm,North,2,92.36,18.67
2024-01-26,CUST-0231,Notebook Set,Central,4,51.06,9.43
2024-01-26,CUST-0080,Wireless Mouse,West,1,13.83,2.33
2024-01-27,CUST-0131,Water Bottle,West,3,24.65,6.11
2024-01-27,CUST-0016,Mechanical Keyboard,South,4,281.26,69.24
2024-01-28,CUST-0101,Laptop Stand,Central,1,31.7,8.29
2024-01-28,CUST-0243,Notebook Set,West,1,9.86,2.36
2024-01-28,CUST-0249,Water Bottle,South,1,10.61,1.23
2024-01-28,CUST-0180,Office Chair,North,1,93.68,21.43
2024-01-29,CUST-0183,Water Bottle,Central,1,10.85,3.11
2024-01-29,CUST-0099,Desk Lamp,Central,5,111.39,17.35
2024-01-29,CUST-0166,Desk Lamp,East,2,43.42,11.61
2024-01-29,CUST-0228,Office Chair,South,5,525.29,118.02
2024-01-29,CUST-0210,Water Bottle,South,2,18.1,3.38
2024-02-01,CUST-0188,Notebook Set,North,2,19.63,3.68
2024-02-02,CUST-0176,Office Chair,Central,2,323.08,85.85
2024-02-02,CUST-0064,Office Chair,West,5,578.13,85.64
2024-02-03,CUST-0171,Wireless Mouse,South,5,87.39,10.31
2024-02-03,CUST-0051,Laptop Stand,North,5,202.29,48.58
2024-02-03,CUST-0041,Office Chair,Central,3,387.35,64.87
2024-02-04,CUST-0242,Monitor Arm,West,2,80.71,18.72
2024-02-04,CUST-0165,Laptop Stand,North,2,68.75,8.67
2024-02-05,CUST-0081,Laptop Stand,Central,2,67.43,7.9
2024-02-05,CUST-0125,Mechanical Keyboard,North,3,224.41,34.17
2024-02-06,CUST-0024,Water Bottle,South,3,28.89,8.37
2024-02-06,CUST-0200,Laptop Stand,North,5,208.28,36.33
2024-02-06,CUST-0125,Laptop Stand,Central,2,65.85,11.62
2024-02-06,CUST-0102,Office Chair,North,3,387.8,108.35
2024-02-07,CUST-0176,Notebook Set,East,4,58.28,10.6
2024-02-07,CUST-0069,Mechanical Keyboard,West,3,210.53,26.92
2024-02-08,CUST-0174,Monitor Arm,West,1,52.11,15.41
2024-02-08,CUST-0015,Office Chair,North,2,336.59,42.9
2024-02-08,CUST-0025,Mechanical Keyboard,South,3,209.14,53.11
2024-02-08,CUST-0041,Laptop Stand,North,2,67.05,11.57
2024-02-08,CUST-0069,Notebook Set,West,3,31.53,6.01
2024-02-08,CUST-0095,Notebook Set,West,5,56.63,12.09
2024-02-08,CUST-0133,Monitor Arm,West,4,179.44,52.45
2024-02-08,CUST-0127,Mechanical Keyboard,South,2,118.17,22.87
2024-02-09,CUST-0182,Monitor Arm,West,4,151.68,34.83
2024-02-09,CUST-0039,Office Chair,North,1,122.47,35.92
2024-02-09,CUST-0143,Water Bottle,North,5,50.97,8.89
2024-02-09,CUST-0212,Mechanical Keyboard,West,2,169.1,30.25
2024-02-09,CUST-0234,Monitor Arm,Central,3,147.58,41.19
2024-02-10,CUST-0226,Desk Lamp,West,5,115.06,19.15
2024-02-10,CUST-0134,Mechanical Keyboard,East,1,67.12,14.46
2024-02-10,CUST-0068,Office Chair,North,4,459.4,122.06
2024-02-10,CUST-0046,Wireless Mouse,South,1,19.64,2.44
2024-02-11,CUST-0204,Laptop Stand,South,1,33.22,4.14
2024-02-11,CUST-0153,Notebook Set,North,3,36.37,10.46
2024-02-11,CUST-0247,Desk Lamp,Central,3,76.0,8.18
2024-02-11,CUST-0154,Laptop Stand,North,3,85.84,14.23
2024-02-12,CUST-0069,Office Chair,Central,4,439.84,122.12
2024-02-12,CUST-0072,Office Chair,North,4,493.93,141.71
2024-02-13,CUST-0208,Desk Lamp,South,3,82.69,24.26
2024-02-15,CUST-0181,Water Bottle,Central,4,48.26,11.35
2024-02-15,CUST-0066,Notebook Set,North,5,78.33,22.8
2024-02-16,CUST-0082,Mechanical Keyboard,South,4,287.32,75.87
2024-02-16,CUST-0044,Desk Lamp,South,1,25.57,3.47
2024-02-16,CUST-0067,Mechanical Keyboard,North,2,152.21,31.77
2024-02-16,CUST-0250,Mechanical Keyboard,South,4,289.67,46.63
2024-02-16,CUST-0009,Wireless Mouse,North,1,15.69,4.5
2024-02-16,CUST-0091,Monitor Arm,West,4,185.49,51.59
2024-02-16,CUST-0056,Monitor Arm,Central,3,144.1,23.69
2024-02-17,CUST-0085,Wireless Mouse,West,4,54.6,9.63
2024-02-17,CUST-0054,Mechanical Keyboard,South,2,129.55,33.25
2024-02-18,CUST-0215,Notebook Set,West,1,12.56,3.36
2024-02-18,CUST-0141,Laptop Stand,South,4,107.86,13.81
2024-02-20,CUST-0241,Desk Lamp,North,1,31.84,7.43
2024-02-20,CUST-0075,Laptop Stand,South,2,79.99,8.11
2024-02-20,CUST-0030,Office Chair,West,3,407.53,86.33
2024-02-20,CUST-0029,Monitor Arm,West,1,49.05,5.14
2024-02-20,CUST-0068,Mechanical Keyboard,East,3,214.82,55.7
2024-02-22,CUST-0080,Office Chair,West,3,483.96,122.87
2024-02-22,CUST-0138,Desk Lamp,South,3,101.55,14.4
2024-02-22,CUST-0120,Laptop Stand,West,4,130.62,23.16
2024-02-22,CUST-0150,Desk Lamp,North,4,107.01,17.68
2024-02-22,CUST-0039,Laptop Stand,North,1,36.01,10.06
2024-02-23,CUST-0018,Notebook Set,Central,2,25.58,3.84
2024-02-23,CUST-0049,Desk Lamp,North,1,27.28,5.01
2024-02-23,CUST-0155,Laptop Stand,North,2,56.04,11.77
2024-02-23,CUST-0089,Desk Lamp,South,3,73.42,7.69
2024-02-23,CUST-0249,Desk Lamp,West,5,112.9,16.42
2024-02-24,CUST-0196,Notebook Set,South,5,74.74,18.57
2024-02-24,CUST-0022,Laptop Stand,West,5,168.09,42.28
2024-02-24,CUST-0117,Desk Lamp,North,3,91.51,21.98
2024-02-25,CUST-0223,Notebook Set,North,5,57.61,16.33
2024-02-25,CUST-0029,Mechanical Keyboard,North,2,112.36,28.39
2024-02-27,CUST-0123,Desk Lamp,East,5,146.43,41.38
2024-02-27,CUST-0105,Wireless Mouse,South,5,77.67,22.4
2024-02-27,CUST-0156,Desk Lamp,North,2,57.51,9.28
2024-02-27,CUST-0182,Monitor Arm,West,2,62.77,12.65
2024-02-28,CUST-0099,Monitor Arm,Central,3,145.75,20.51
2024-02-28,CUST-0062,Laptop Stand,North,2,73.24,18.4
2024-03-01,CUST-0103,Laptop Stand,Central,4,159.47,41.8
2024-03-01,CUST-0164,Wireless Mouse,South,3,53.02,10.64
2024-03-01,CUST-0139,Office Chair,West,3,335.86,78.01
2024-03-02,CUST-0097,Desk Lamp,South,3,113.5,12.77
2024-03-02,CUST-0147,Desk Lamp,East,1,26.44,6.73
2024-03-02,CUST-0085,Mechanical Keyboard,East,4,242.74,36.78
2024-03-03,CUST-0209,Wireless Mouse,South,4,54.33,10.26
2024-03-03,CUST-0128,Wireless Mouse,East,2,42.73,7.94
2024-03-03,CUST-0190,Laptop Stand,South,5,192.23,41.4
2024-03-03,CUST-0211,Water Bottle,East,3,33.6,5.35
2024-03-05,CUST-0224,Water Bottle,South,5,66.55,13.85
2024-03-05,CUST-0028,Wireless Mouse,North,2,35.45,3.93
2024-03-07,CUST-0012,Monitor Arm,West,5,242.53,39.59
2024-03-09,CUST-0058,Water Bottle,West,4,48.17,8.01
2024-03-09,CUST-0069,Monitor Arm,East,2,101.24,26.3
2024-03-09,CUST-0217,Monitor Arm,Central,5,288.88,58.46
2024-03-09,CUST-0071,Mechanical Keyboard,East,2,154.51,44.19
2024-03-09,CUST-0129,Desk Lamp,South,4,98.56,11.01
2024-03-10,CUST-0179,Notebook Set,West,1,15.94,3.82
2024-03-12,CUST-0001,Wireless Mouse,West,5,87.42,20.79
2024-03-12,CUST-0215,Monitor Arm,North,2,72.92,11.78
2024-03-13,CUST-0024,Laptop Stand,South,5,167.68,30.54
2024-03-13,CUST-0100,Office Chair,East,1,117.58,20.04
2024-03-14,CUST-0037,Notebook Set,West,3,40.99,10.18
2024-03-15,CUST-0124,Office Chair,North,3,431.69,106.81
2024-03-15,CUST-0079,Laptop Stand,East,1,44.01,12.69
2024-03-15,CUST-0093,Notebook Set,West,3,36.42,10.06
2024-03-15,CUST-0208,Notebook Set,West,2,21.2,3.93
2024-03-15,CUST-0233,Desk Lamp,Central,2,61.38,17.84
2024-03-16,CUST-0130,Mechanical Keyboard,North,2,122.5,19.19
2024-03-16,CUST-0246,Laptop Stand,North,5,153.4,41.68
2024-03-18,CUST-0067,Notebook Set,North,2,27.11,6.55
2024-03-18,CUST-0161,Water Bottle,West,1,7.32,1.28
2024-03-18,CUST-0021,Wireless Mouse,North,5,97.99,28.49
2024-03-18,CUST-0227,Office Chair,North,3,291.24,34.8
2024-03-18,CUST-0002,Desk Lamp,South,5,128.64,14.64
2024-03-20,CUST-0006,Laptop Stand,North,3,122.02,18.3
2024-03-21,CUST-0057,Notebook Set,East,2,25.56,5.23
2024-03-21,CUST-0035,Notebook Set,East,4,55.62,6.43
2024-03-21,CUST-0152,Mechanical Keyboard,North,5,322.81,88.95
2024-03-21,CUST-0195,Desk Lamp,West,5,100.49,23.08
2024-03-22,CUST-0169,Desk Lamp,Central,1,25.18,3.53
2024-03-23,CUST-0068,Office Chair,West,4,432.17,89.75
2024-03-24,CUST-0155,Wireless Mouse,Central,5,77.09,11.41
2024-03-25,CUST-0069,Notebook Set,North,1,13.42,3.64
2024-03-25,CUST-0106,Mechanical Keyboard,Central,4,284.68,79.67
2024-03-26,CUST-0065,Laptop Stand,South,2,70.72,18.11
2024-03-26,CUST-0077,Office Chair,East,2,330.78,62.18
2024-03-26,CUST-0229,Mechanical Keyboard,Central,4,253.29,49.09
2024-03-26,CUST-0236,Office Chair,South,1,116.47,11.97
2024-03-27,CUST-0133,Desk Lamp,North,3,85.16,16.73
2024-03-28,CUST-0039,Laptop Stand,Central,5,206.27,60.38
2024-03-28,CUST-0108,Desk Lamp,South,2,48.65,11.97
2024-03-29,CUST-0029,Water Bottle,South,4,51.49,7.27
2024-03-29,CUST-0035,Wireless Mouse,East,5,61.18,12.04
2024-03-29,CUST-0232,Laptop Stand,East,1,33.08,6.7
2024-03-30,CUST-0003,Laptop Stand,North,4,166.94,39.12
2024-03-30,CUST-0106,Laptop Stand,North,1,31.13,8.4
2024-03-30,CUST-0222,Notebook Set,Central,5,65.79,18.62
2024-03-31,CUST-0215,Desk Lamp,West,3,72.5,20.1
2024-04-01,CUST-0248,Office Chair,East,5,666.6,104.74
2024-04-01,CUST-0172,Notebook Set,South,1,13.31,1.47
2024-04-01,CUST-0015,Laptop Stand,East,4,159.91,28.81
2024-04-02,CUST-0100,Water Bottle,East,4,52.69,8.54
2024-04-03,CUST-0002,Desk Lamp,Central,3,89.11,9.27
2024-04-04,CUST-0178,Wireless Mouse,West,3,51.53,5.16
2024-04-04,CUST-0022,Office Chair,East,4,643.27,101.5
2024-04-04,CUST-0162,Mechanical Keyboard,South,4,259.13,48.48
2024-04-04,CUST-0092,Laptop Stand,South,4,130.93,22.44
2024-04-05,CUST-0205,Desk Lamp,West,4,110.65,11.42
2024-04-05,CUST-0129,Monitor Arm,South,1,50.08,10.9
2024-04-05,CUST-0186,Notebook Set,Central,2,24.71,4.3
2024-04-05,CUST-0017,Wireless Mouse,West,3,54.62,10.72
2024-04-06,CUST-0172,Office Chair,North,2,228.91,62.01
2024-04-07,CUST-0094,Office Chair,West,5,458.98,86.71
2024-04-07,CUST-0020,Monitor Arm,West,5,246.44,32.74
2024-04-07,CUST-0044,Monitor Arm,North,2,102.64,14.05
2024-04-08,CUST-0155,Water Bottle,Central,1,10.78,2.52
2024-04-08,CUST-0090,Mechanical Keyboard,West,2,150.94,42.54
2024-04-08,CUST-0070,Notebook Set,North,2,27.51,6.44
2024-04-08,CUST-0144,Notebook Set,West,2,20.47,5.59
2024-04-08,CUST-0046,Desk Lamp,West,2,61.03,12.21
2024-04-08,CUST-0001,Laptop Stand,Central,5,161.93,32.88
2024-04-08,CUST-0056,Notebook Set,South,4,57.24,7.15
2024-04-08,CUST-0114,Desk Lamp,Central,2,54.04,6.45
2024-04-08,CUST-0148,Laptop Stand,South,4,120.31,15.85
2024-04-09,CUST-0042,Laptop Stand,North,5,231.51,52.83
2024-04-09,CUST-0049,Laptop Stand,North,2,59.58,6.54
2024-04-11,CUST-0042,Notebook Set,East,5,77.35,14.8
2024-04-12,CUST-0199,Office Chair,South,1,148.91,23.76
2024-04-12,CUST-0068,Wireless Mouse,North,2,32.38,7.37
2024-04-12,CUST-0102,Wireless Mouse,South,1,15.33,1.6
2024-04-13,CUST-0143,Office Chair,North,3,399.57,102.31
2024-04-13,CUST-0072,Mechanical Keyboard,West,4,276.87,80.66
2024-04-13,CUST-0068,Wireless Mouse,North,4,61.8,15.22
2024-04-14,CUST-0207,Mechanical Keyboard,North,4,299.53,81.56
2024-04-15,CUST-0074,Laptop Stand,East,3,109.96,25.26
2024-04-15,CUST-0042,Laptop Stand,West,3,126.38,27.59
2024-04-15,CUST-0056,Mechanical Keyboard,West,5,239.97,50.14
2024-04-15,CUST-0111,Wireless Mouse,Central,1,15.27,2.84
2024-04-16,CUST-0090,Wireless Mouse,Central,5,88.54,26.23
2024-04-16,CUST-0217,Water Bottle,Central,1,12.59,2.51
2024-04-16,CUST-0130,Monitor Arm,South,2,125.35,22.7
2024-04-17,CUST-0248,Notebook Set,East,3,29.2,5.71
2024-04-17,CUST-0246,Laptop Stand,Central,4,127.58,31.06
2024-04-18,CUST-0094,Laptop Stand,East,4,161.04,46.78
2024-04-18,CUST-0009,Desk Lamp,Central,1,23.5,5.88
2024-04-18,CUST-0133,Notebook Set,South,3,40.93,9.08
2024-04-20,CUST-0250,Desk Lamp,East,5,133.27,23.64
2024-04-20,CUST-0032,Wireless Mouse,North,1,16.03,2.07
2024-04-20,CUST-0128,Office Chair,South,3,361.04,50.49
2024-04-21,CUST-0052,Wireless Mouse,East,4,73.62,12.01
2024-04-22,CUST-0072,Water Bottle,North,5,58.64,17.2
2024-04-22,CUST-0064,Mechanical Keyboard,Central,4,258.84,67.91
2024-04-22,CUST-0097,Desk Lamp,South,5,121.67,30.75
2024-04-22,CUST-0057,Laptop Stand,South,5,223.45,49.39
2024-04-22,CUST-0040,Notebook Set,North,2,21.76,3.16
2024-04-22,CUST-0133,Water Bottle,Central,4,46.52,7.69
2024-04-23,CUST-0133,Monitor Arm,South,4,230.22,67.69
2024-04-23,CUST-0178,Mechanical Keyboard,South,5,371.36,71.15
2024-04-24,CUST-0047,Office Chair,West,3,423.88,91.14
2024-04-24,CUST-0022,Wireless Mouse,North,1,19.2,3.55
2024-04-24,CUST-0205,Notebook Set,North,4,44.14,6.6
2024-04-25,CUST-0154,Monitor Arm,South,4,173.13,34.07
2024-04-26,CUST-0180,Monitor Arm,North,1,47.52,13.11
2024-04-26,CUST-0114,Wireless Mouse,North,3,48.37,13.76
2024-04-26,CUST-0099,Office Chair,West,4,658.14,101.2
2024-04-27,CUST-0210,Mechanical Keyboard,South,4,337.5,62.8
2024-04-27,CUST-0114,Water Bottle,Central,1,9.91,2.79
2024-04-27,CUST-0003,Laptop Stand,North,3,109.94,15.11
2024-04-27,CUST-0082,Wireless Mouse,West,5,77.85,11.79
2024-04-27,CUST-0025,Laptop Stand,South,5,198.59,36.8
2024-04-28,CUST-0247,Office Chair,West,3,494.59,67.66
2024-04-28,CUST-0035,Mechanical Keyboard,East,4,326.48,97.57
2024-04-29,CUST-0176,Water Bottle,West,4,41.34,4.79
2024-04-29,CUST-0082,Office Chair,East,4,512.09,128.01
2024-04-29,CUST-0079,Mechanical Keyboard,East,3,234.36,39.16
2024-04-29,CUST-0115,Water Bottle,West,5,61.57,15.78
2024-04-30,CUST-0103,Office Chair,West,4,487.33,86.96
2024-05-01,CUST-0116,Notebook Set,North,2,32.82,4.72
2024-05-01,CUST-0185,Laptop Stand,South,2,81.3,13.13
2024-05-02,CUST-0117,Office Chair,East,3,377.78,101.18
2024-05-03,CUST-0159,Monitor Arm,North,3,172.46,47.03
2024-05-03,CUST-0031,Wireless Mouse,West,1,17.65,3.73
2024-05-04,CUST-0011,Office Chair,East,2,209.94,60.52
2024-05-05,CUST-0144,Monitor Arm,Central,3,127.02,17.28
2024-05-05,CUST-0065,Mechanical Keyboard,Central,1,85.32,22.52
2024-05-05,CUST-0042,Mechanical Keyboard,West,3,187.52,44.22
2024-05-06,CUST-0049,Office Chair,North,3,464.88,117.36
2024-05-06,CUST-0035,Desk Lamp,North,3,99.01,13.83
2024-05-07,CUST-0187,Wireless Mouse,South,2,28.25,5.49
2024-05-07,CUST-0130,Mechanical Keyboard,Central,3,232.06,40.07
2024-05-07,CUST-0142,Monitor Arm,East,2,94.81,24.06
2024-05-08,CUST-0219,Desk Lamp,Central,3,66.19,18.64
2024-05-09,CUST-0127,Notebook Set,North,3,45.28,12.3
2024-05-09,CUST-0003,Mechanical Keyboard,Central,3,158.36,22.24
2024-05-09,CUST-0192,Desk Lamp,South,3,67.27,16.38
2024-05-10,CUST-0029,Mechanical Keyboard,South,2,134.65,24.8
2024-05-10,CUST-0130,Desk Lamp,East,1,27.39,4.99
2024-05-10,CUST-0119,Desk Lamp,West,2,65.36,14.18
2024-05-10,CUST-0100,Mechanical Keyboard,East,5,368.24,39.72
2024-05-10,CUST-0102,Mechanical Keyboard,South,4,232.1,44.85
2024-05-11,CUST-0114,Desk Lamp,South,1,25.37,4.8
2024-05-11,CUST-0029,Desk Lamp,South,4,114.34,26.78
2024-05-12,CUST-0080,Desk Lamp,Central,2,41.84,12.1
2024-05-12,CUST-0186,Wireless Mouse,South,3,37.32,10.62
2024-05-12,CUST-0112,Monitor Arm,Central,1,55.97,16.29
2024-05-13,CUST-0153,Monitor Arm,South,4,179.83,36.16
2024-05-13,CUST-0055,Office Chair,South,4,509.22,56.3
2024-05-14,CUST-0222,Mechanical Keyboard,East,4,265.32,45.1
2024-05-14,CUST-0101,Laptop Stand,South,1,35.96,7.03
2024-05-16,CUST-0022,Monitor Arm,South,5,226.52,35.19
2024-05-16,CUST-0146,Office Chair,North,5,749.03,215.71
2024-05-16,CUST-0206,Notebook Set,West,1,16.59,4.7
2024-05-16,CUST-0236,Mechanical Keyboard,South,3,147.47,23.36
2024-05-17,CUST-0030,Mechanical Keyboard,South,1,65.25,9.75
2024-05-18,CUST-0021,Wireless Mouse,West,3,60.65,7.81
2024-05-18,CUST-0186,Notebook Set,West,5,78.23,20.24
2024-05-19,CUST-0227,Laptop Stand,West,3,119.81,33.78
2024-05-19,CUST-0102,Office Chair,East,2,242.98,40.91
2024-05-20,CUST-0178,Office Chair,South,5,576.86,63.77
2024-05-20,CUST-0152,Notebook Set,East,2,27.78,3.7
2024-05-20,CUST-0137,Wireless Mouse,East,4,79.85,22.79
2024-05-21,CUST-0031,Mechanical Keyboard,West,2,143.87,21.83
2024-05-22,CUST-0150,Desk Lamp,West,2,55.96,8.47
2024-05-22,CUST-0130,Wireless Mouse,South,3,53.53,11.25
2024-05-22,CUST-0003,Mechanical Keyboard,South,5,414.09,82.51
2024-05-23,CUST-0067,Laptop Stand,Central,2,68.04,14.51
2024-05-23,CUST-0097,Water Bottle,North,2,26.52,5.72
2024-05-23,CUST-0008,Office Chair,South,2,253.72,60.01
2024-05-23,CUST-0199,Monitor Arm,West,5,257.47,38.41
2024-05-23,CUST-0009,Monitor Arm,Central,1,47.47,12.93
2024-05-24,CUST-0062,Notebook Set,South,2,42.21,5.51
2024-05-24,CUST-0140,Notebook Set,East,4,46.37,12.83
2024-05-24,CUST-0140,Wireless Mouse,West,3,53.95,7.23
2024-05-24,CUST-0043,Desk Lamp,East,1,19.53,5.83
2024-05-24,CUST-0075,Desk Lamp,West,2,48.31,11.83
2024-05-25,CUST-0052,Water Bottle,South,1,12.81,3.01
2024-05-25,CUST-0081,Laptop Stand,North,3,98.78,14.64
2024-05-25,CUST-0228,Monitor Arm,West,2,83.36,11.5
2024-05-25,CUST-0121,Laptop Stand,East,3,134.77,21.65
2024-05-26,CUST-0191,Laptop Stand,South,2,80.5,8.78
2024-05-26,CUST-0216,Mechanical Keyboard,North,4,296.65,70.47
2024-05-26,CUST-0216,Mechanical Keyboard,North,5,295.26,66.35
2024-05-27,CUST-0063,Office Chair,East,4,394.12,52.66
2024-05-27,CUST-0224,Wireless Mouse,Central,3,50.49,10.15
2024-05-27,CUST-0160,Water Bottle,South,3,43.23,12.5
2024-05-28,CUST-0103,Monitor Arm,South,2,115.6,31.66
2024-05-28,CUST-0067,Office Chair,South,5,793.24,235.23
2024-05-29,CUST-0097,Monitor Arm,West,5,289.13,39.0
2024-05-30,CUST-0178,Wireless Mouse,North,3,54.02,7.24
2024-05-30,CUST-0240,Mechanical Keyboard,West,4,279.54,72.81
2024-05-30,CUST-0166,Laptop Stand,North,3,106.96,24.57
2024-05-31,CUST-0084,Laptop Stand,Central,3,97.65,17.88
2024-05-31,CUST-0198,Wireless Mouse,East,1,17.78,4.34
2024-06-01,CUST-0034,Mechanical Keyboard,Central,2,167.9,48.0
2024-06-01,CUST-0239,Desk Lamp,South,5,139.25,18.91
2024-06-01,CUST-0020,Office Chair,Central,2,324.61,77.45
2024-06-02,CUST-0173,Wireless Mouse,South,3,56.47,13.15
2024-06-02,CUST-0199,Monitor Arm,South,4,223.19,33.08
2024-06-02,CUST-0210,Office Chair,East,2,294.59,53.04
2024-06-03,CUST-0220,Office Chair,North,5,523.19,129.99
2024-06-04,CUST-0072,Mechanical Keyboard,North,4,355.85,40.92
2024-06-05,CUST-0246,Water Bottle,South,5,51.31,9.17
2024-06-05,CUST-0074,Office Chair,East,1,131.56,14.25
2024-06-05,CUST-0106,Water Bottle,East,4,45.25,6.3
2024-06-05,CUST-0211,Desk Lamp,West,5,126.05,21.31
2024-06-06,CUST-0119,Mechanical Keyboard,North,1,74.32,22.24
2024-06-06,CUST-0140,Notebook Set,West,1,14.51,1.83
2024-06-07,CUST-0077,Monitor Arm,South,4,179.42,23.88
2024-06-07,CUST-0123,Mechanical Keyboard,South,1,68.57,8.18
2024-06-08,CUST-0002,Office Chair,East,2,272.58,42.54
2024-06-08,CUST-0151,Notebook Set,North,4,44.81,9.45
2024-06-08,CUST-0057,Monitor Arm,West,5,170.33,31.74
2024-06-08,CUST-0189,Notebook Set,Central,4,47.49,11.95
2024-06-09,CUST-0222,Laptop Stand,Central,5,148.77,16.57
2024-06-09,CUST-0076,Wireless Mouse,North,4,83.91,21.18
2024-06-09,CUST-0018,Water Bottle,East,2,23.79,4.98
2024-06-09,CUST-0005,Water Bottle,West,5,54.91,12.24
2024-06-09,CUST-0170,Mechanical Keyboard,South,4,329.71,72.13
2024-06-10,CUST-0076,Laptop Stand,Central,4,189.0,36.95
2024-06-10,CUST-0177,Notebook Set,North,4,50.6,11.44
2024-06-11,CUST-0231,Mechanical Keyboard,South,5,402.24,94.73
2024-06-11,CUST-0036,Laptop Stand,South,3,84.45,13.73
2024-06-13,CUST-0159,Mechanical Keyboard,North,4,320.13,67.16
2024-06-13,CUST-0130,Laptop Stand,Central,2,70.16,8.79
2024-06-13,CUST-0032,Desk Lamp,West,3,55.88,10.9
2024-06-14,CUST-0077,Water Bottle,North,3,36.2,10.2
2024-06-15,CUST-0242,Notebook Set,Central,5,69.88,7.86
2024-06-15,CUST-0072,Wireless Mouse,North,4,78.48,14.25
2024-06-16,CUST-0093,Desk Lamp,Central,4,113.84,27.72
2024-06-16,CUST-0205,Notebook Set,East,1,14.47,1.6
2024-06-16,CUST-0047,Monitor Arm,West,3,116.48,28.8
2024-06-16,CUST-0120,Desk Lamp,North,2,60.0,10.65
2024-06-16,CUST-0026,Mechanical Keyboard,North,5,260.1,59.59
2024-06-18,CUST-0205,Desk Lamp,East,4,70.54,14.17
2024-06-18,CUST-0215,Notebook Set,North,3,44.9,12.52
2024-06-18,CUST-0080,Water Bottle,Central,5,48.46,9.45
2024-06-19,CUST-0099,Water Bottle,East,4,38.6,11.45
2024-06-19,CUST-0028,Wireless Mouse,Central,2,40.27,4.2
2024-06-20,CUST-0059,Wireless Mouse,South,4,66.03,11.92
2024-06-20,CUST-0057,Water Bottle,South,2,23.19,6.24
2024-06-20,CUST-0143,Monitor Arm,East,2,76.6,16.58
2024-06-21,CUST-0042,Laptop Stand,North,5,233.97,36.06
2024-06-21,CUST-0125,Laptop Stand,East,2,89.56,11.43
2024-06-21,CUST-0075,Desk Lamp,North,5,172.18,50.33
2024-06-22,CUST-0232,Water Bottle,East,1,9.57,1.06
2024-06-23,CUST-0026,Office Chair,East,1,104.62,18.14
2024-06-24,CUST-0048,Wireless Mouse,South,1,17.4,4.16
2024-06-24,CUST-0246,Laptop Stand,North,1,33.46,7.25
2024-06-25,CUST-0230,Desk Lamp,South,4,121.25,19.81
2024-06-25,CUST-0016,Office Chair,East,1,146.93,38.27
2024-06-25,CUST-0075,Laptop Stand,West,3,120.38,17.73
2024-06-26,CUST-0239,Notebook Set,East,4,45.89,11.4
2024-06-26,CUST-0013,Water Bottle,North,3,21.27,3.48
2024-06-27,CUST-0231,Monitor Arm,South,5,232.95,39.21
2024-06-27,CUST-0115,Notebook Set,South,2,32.36,8.03
2024-06-28,CUST-0239,Office Chair,Central,5,710.68,103.91
2024-06-28,CUST-0025,Desk Lamp,North,2,42.58,12.54
2024-06-29,CUST-0237,Mechanical Keyboard,East,1,73.15,12.52
2024-06-30,CUST-0113,Mechanical Keyboard,South,3,211.62,45.78
2024-06-30,CUST-0220,Monitor Arm,Central,5,302.07,37.01
2024-06-30,CUST-0020,Monitor Arm,Central,5,283.26,55.8
2024-06-30,CUST-0100,Office Chair,West,2,250.64,34.38
2024-07-01,CUST-0051,Wireless Mouse,North,4,80.68,12.65
2024-07-01,CUST-0173,Mechanical Keyboard,South,2,126.48,32.24
2024-07-02,CUST-0054,Monitor Arm,Central,1,52.06,14.16
2024-07-02,CUST-0071,Wireless Mouse,East,1,19.04,3.36
2024-07-04,CUST-0138,Office Chair,Central,4,499.65,116.15
2024-07-05,CUST-0075,Wireless Mouse,West,4,72.57,21.19
2024-07-05,CUST-0002,Monitor Arm,North,1,36.94,3.74
2024-07-05,CUST-0067,Desk Lamp,South,1,26.92,6.76
2024-07-06,CUST-0088,Mechanical Keyboard,West,5,380.63,80.11
2024-07-06,CUST-0247,Desk Lamp,Central,1,29.26,4.58
2024-07-07,CUST-0195,Desk Lamp,Central,4,98.29,13.21
2024-07-08,CUST-0116,Office Chair,East,5,724.25,157.14
2024-07-08,CUST-0117,Wireless Mouse,West,3,47.53,14.03
2024-07-08,CUST-0111,Notebook Set,Central,4,53.69,10.12
2024-07-08,CUST-0062,Monitor Arm,East,2,100.69,25.2
2024-07-08,CUST-0243,Monitor Arm,North,5,232.84,66.81
2024-07-09,CUST-0129,Desk Lamp,South,1,31.18,5.35
2024-07-09,CUST-0128,Water Bottle,South,4,44.06,8.09
2024-07-10,CUST-0074,Office Chair,South,5,662.11,68.98
2024-07-10,CUST-0212,Monitor Arm,North,1,48.67,11.12
2024-07-10,CUST-0166,Wireless Mouse,West,1,18.53,4.76
2024-07-10,CUST-0094,Water Bottle,Central,5,52.5,12.52
2024-07-12,CUST-0096,Mechanical Keyboard,North,5,213.71,25.62
2024-07-12,CUST-0156,Monitor Arm,North,1,44.54,7.87
2024-07-12,CUST-0177,Office Chair,South,4,731.38,181.95
2024-07-13,CUST-0022,Notebook Set,East,3,39.4,5.82
2024-07-13,CUST-0101,Desk Lamp,East,5,135.81,32.36
2024-07-13,CUST-0181,Laptop Stand,Central,1,42.09,5.62
2024-07-13,CUST-0243,Notebook Set,South,1,11.95,3.06
2024-07-14,CUST-0047,Desk Lamp,West,1,27.86,7.11
2024-07-14,CUST-0095,Laptop Stand,Central,1,45.88,6.49
2024-07-14,CUST-0046,Mechanical Keyboard,West,4,322.83,87.92
2024-07-16,CUST-0179,Laptop Stand,North,3,119.53,35.27
2024-07-16,CUST-0116,Office Chair,West,1,157.74,18.02
2024-07-18,CUST-0166,Mechanical Keyboard,North,5,299.3,63.31
2024-07-19,CUST-0037,Wireless Mouse,North,3,49.6,10.89
2024-07-19,CUST-0089,Monitor Arm,East,4,244.51,28.69
2024-07-19,CUST-0216,Water Bottle,West,2,20.72,5.92
2024-07-19,CUST-0168,Office Chair,East,1,136.44,30.84
2024-07-19,CUST-0200,Water Bottle,Central,2,20.11,5.54
2024-07-20,CUST-0093,Mechanical Keyboard,Central,5,249.57,55.0
2024-07-20,CUST-0181,Office Chair,West,4,400.96,84.86
2024-07-21,CUST-0126,Laptop Stand,South,5,215.18,42.32
2024-07-21,CUST-0058,Mechanical Keyboard,Central,4,289.94,67.45
2024-07-22,CUST-0188,Mechanical Keyboard,West,3,182.72,50.66
2024-07-23,CUST-0083,Office Chair,East,3,477.39,134.55
2024-07-24,CUST-0160,Office Chair,North,4,726.36,136.85
2024-07-25,CUST-0078,Desk Lamp,South,2,66.36,13.49
2024-07-25,CUST-0079,Mechanical Keyboard,West,3,269.62,44.77
2024-07-26,CUST-0166,Water Bottle,East,5,72.17,16.48
2024-07-27,CUST-0051,Monitor Arm,North,3,159.12,33.91
2024-07-28,CUST-0008,Monitor Arm,Central,3,185.5,36.16
2024-07-28,CUST-0053,Office Chair,North,4,459.0,80.76
2024-07-30,CUST-0135,Wireless Mouse,East,1,12.7,3.01
2024-07-31,CUST-0125,Mechanical Keyboard,West,5,311.94,35.77
2024-08-01,CUST-0047,Office Chair,East,3,429.1,124.25
2024-08-02,CUST-0140,Wireless Mouse,North,5,95.68,26.75
2024-08-02,CUST-0170,Laptop Stand,North,1,38.04,10.15
2024-08-02,CUST-0084,Notebook Set,East,3,53.42,14.51
2024-08-03,CUST-0244,Office Chair,Central,3,320.47,53.5
2024-08-03,CUST-0069,Wireless Mouse,North,3,50.66,10.49
2024-08-03,CUST-0243,Notebook Set,West,1,14.24,2.99
2024-08-03,CUST-0224,Notebook Set,Central,4,75.03,15.4
2024-08-03,CUST-0048,Desk Lamp,East,1,25.24,4.47
2024-08-04,CUST-0100,Monitor Arm,South,5,233.36,55.62
2024-08-04,CUST-0231,Monitor Arm,East,1,41.54,4.64
2024-08-04,CUST-0205,Mechanical Keyboard,East,3,275.95,33.41
2024-08-04,CUST-0243,Monitor Arm,West,1,56.89,13.38
2024-08-04,CUST-0200,Notebook Set,West,3,36.44,6.39
2024-08-05,CUST-0160,Wireless Mouse,South,4,65.71,19.42
2024-08-05,CUST-0230,Laptop Stand,South,4,183.74,35.22
2024-08-05,CUST-0040,Laptop Stand,North,1,48.69,6.59
2024-08-05,CUST-0126,Wireless Mouse,South,5,84.59,18.62
2024-08-07,CUST-0069,Desk Lamp,West,1,26.67,5.44
2024-08-07,CUST-0164,Wireless Mouse,North,5,81.21,12.16
2024-08-07,CUST-0080,Water Bottle,East,5,64.05,7.43
2024-08-07,CUST-0202,Laptop Stand,East,4,174.95,40.9
2024-08-09,CUST-0106,Notebook Set,North,3,38.99,10.64
2024-08-10,CUST-0246,Notebook Set,Central,3,55.07,14.45
2024-08-10,CUST-0070,Laptop Stand,Central,3,135.54,37.88
2024-08-10,CUST-0087,Office Chair,East,4,618.82,121.94
2024-08-10,CUST-0120,Office Chair,South,3,396.26,66.48
2024-08-11,CUST-0208,Notebook Set,South,3,47.56,5.13
2024-08-11,CUST-0242,Notebook Set,North,5,57.53,8.56
2024-08-12,CUST-0062,Monitor Arm,South,5,229.45,49.05
2024-08-12,CUST-0003,Desk Lamp,Central,1,20.04,4.92
2024-08-12,CUST-0128,Notebook Set,West,4,46.33,8.73
2024-08-12,CUST-0084,Office Chair,East,4,596.46,153.22
2024-08-12,CUST-0107,Wireless Mouse,South,4,85.84,9.41
2024-08-13,CUST-0054,Water Bottle,South,3,29.6,5.45
2024-08-13,CUST-0121,Laptop Stand,Central,3,106.39,14.24
2024-08-13,CUST-0206,Mechanical Keyboard,West,2,190.45,20.58
2024-08-13,CUST-0093,Laptop Stand,North,5,240.57,45.71
2024-08-13,CUST-0212,Desk Lamp,South,4,96.51,20.68
2024-08-14,CUST-0049,Monitor Arm,North,4,198.93,48.88
2024-08-14,CUST-0053,Office Chair,East,1,152.71,27.95
2024-08-14,CUST-0139,Mechanical Keyboard,Central,5,371.57,66.42
2024-08-15,CUST-0110,Mechanical Keyboard,North,2,168.87,40.75
2024-08-15,CUST-0106,Notebook Set,Central,4,41.14,4.78
2024-08-16,CUST-0240,Mechanical Keyboard,East,4,286.9,80.9
2024-08-16,CUST-0045,Desk Lamp,East,2,52.6,12.78
2024-08-16,CUST-0117,Desk Lamp,West,2,56.65,15.32
2024-08-16,CUST-0002,Notebook Set,North,3,44.53,5.4
2024-08-16,CUST-0134,Water Bottle,North,3,40.08,10.1
2024-08-16,CUST-0070,Water Bottle,West,5,58.4,12.79
2024-08-17,CUST-0044,Wireless Mouse,West,2,36.47,10.78
2024-08-17,CUST-0151,Laptop Stand,East,4,171.85,47.19
2024-08-18,CUST-0241,Monitor Arm,South,5,263.97,27.56
2024-08-18,CUST-0123,Water Bottle,North,5,63.76,8.98
2024-08-18,CUST-0130,Monitor Arm,West,1,49.12,12.93
2024-08-18,CUST-0003,Mechanical Keyboard,South,2,141.87,30.83
2024-08-18,CUST-0022,Laptop Stand,Central,2,93.28,13.36
2024-08-20,CUST-0238,Desk Lamp,West,1,32.73,3.3
2024-08-20,CUST-0169,Mechanical Keyboard,West,3,189.11,34.55
2024-08-20,CUST-0099,Monitor Arm,South,1,74.06,8.23
2024-08-20,CUST-0115,Wireless Mouse,West,4,92.03,14.77
2024-08-20,CUST-0041,Mechanical Keyboard,West,5,419.83,87.42
2024-08-20,CUST-0087,Wireless Mouse,East,4,85.69,19.69
2024-08-21,CUST-0103,Monitor Arm,South,1,55.98,12.3
2024-08-22,CUST-0109,Office Chair,Central,5,745.35,94.17
2024-08-22,CUST-0213,Desk Lamp,East,3,89.92,25.42
2024-08-23,CUST-0026,Mechanical Keyboard,West,1,92.73,16.26
2024-08-23,CUST-0037,Monitor Arm,South,1,57.09,7.84
2024-08-24,CUST-0230,Monitor Arm,East,1,46.66,5.43
2024-08-24,CUST-0199,Mechanical Keyboard,East,2,148.51,28.09
2024-08-26,CUST-0161,Notebook Set,West,1,11.85,2.14
2024-08-26,CUST-0232,Desk Lamp,East,4,120.7,21.53
2024-08-26,CUST-0242,Wireless Mouse,South,1,15.1,2.55
2024-08-26,CUST-0039,Water Bottle,North,1,10.43,1.34
2024-08-28,CUST-0006,Laptop Stand,North,4,116.19,27.24
2024-08-29,CUST-0126,Water Bottle,North,1,10.35,3.1
2024-08-29,CUST-0193,Notebook Set,Central,3,36.66,8.94
2024-08-30,CUST-0153,Office Chair,East,1,168.03,27.82
2024-08-30,CUST-0038,Monitor Arm,South,5,267.24,79.93
2024-08-30,CUST-0249,Monitor Arm,East,1,57.73,7.3
2024-08-31,CUST-0247,Monitor Arm,South,4,200.5,30.11
2024-08-31,CUST-0210,Office Chair,East,2,285.04,51.31
2024-08-31,CUST-0235,Laptop Stand,East,3,98.5,19.75
2024-09-01,CUST-0194,Water Bottle,East,4,46.97,10.14
2024-09-02,CUST-0154,Wireless Mouse,East,3,47.42,7.22
2024-09-03,CUST-0218,Notebook Set,North,3,36.31,6.52
2024-09-03,CUST-0051,Desk Lamp,South,4,117.06,16.72
2024-09-05,CUST-0028,Monitor Arm,South,4,262.12,29.91
2024-09-05,CUST-0128,Mechanical Keyboard,South,5,376.11,40.85
2024-09-06,CUST-0059,Water Bottle,North,5,64.68,9.49
2024-09-06,CUST-0181,Office Chair,West,4,502.14,97.58
2024-09-07,CUST-0104,Notebook Set,Central,1,14.69,4.02
2024-09-07,CUST-0069,Desk Lamp,North,4,132.02,29.44
2024-09-07,CUST-0024,Desk Lamp,West,3,109.18,13.33
2024-09-08,CUST-0049,Monitor Arm,North,5,281.81,48.64
2024-09-08,CUST-0120,Office Chair,East,5,774.6,138.15
2024-09-09,CUST-0196,Office Chair,North,4,554.74,130.44
2024-09-09,CUST-0243,Wireless Mouse,North,4,70.86,9.16
2024-09-09,CUST-0192,Monitor Arm,East,1,47.13,5.84
2024-09-09,CUST-0007,Mechanical Keyboard,East,3,199.38,34.21
2024-09-09,CUST-0071,Wireless Mouse,North,2,35.63,5.36
2024-09-09,CUST-0001,Water Bottle,North,5,66.59,19.52
2024-09-10,CUST-0076,Desk Lamp,Central,1,28.76,8.61
2024-09-10,CUST-0139,Desk Lamp,South,2,66.86,19.38
2024-09-10,CUST-0118,Wireless Mouse,West,5,81.01,12.3
2024-09-10,CUST-0236,Water Bottle,East,5,75.86,8.92
2024-09-10,CUST-0165,Mechanical Keyboard,West,5,298.13,65.55
2024-09-12,CUST-0045,Mechanical Keyboard,East,5,305.01,51.78
2024-09-12,CUST-0047,Desk Lamp,North,3,103.04,22.17
2024-09-12,CUST-0070,Water Bottle,South,4,38.51,8.6
2024-09-13,CUST-0188,Water Bottle,East,3,37.06,8.36
2024-09-14,CUST-0238,Notebook Set,East,1,17.97,4.22
2024-09-15,CUST-0058,Monitor Arm,West,4,191.37,42.99
2024-09-15,CUST-0188,Notebook Set,South,1,15.08,2.57
2024-09-15,CUST-0198,Notebook Set,North,4,62.74,12.53
2024-09-15,CUST-0024,Wireless Mouse,South,5,108.17,23.71
2024-09-17,CUST-0217,Monitor Arm,West,2,126.36,32.98
2024-09-17,CUST-0044,Notebook Set,East,4,59.43,8.46
2024-09-17,CUST-0124,Monitor Arm,Central,4,268.73,50.82
2024-09-17,CUST-0186,Desk Lamp,Central,4,131.69,19.12
2024-09-18,CUST-0174,Laptop Stand,West,1,48.81,8.01
2024-09-19,CUST-0140,Water Bottle,East,1,15.16,3.09
2024-09-20,CUST-0021,Laptop Stand,Central,1,45.42,9.28
2024-09-20,CUST-0026,Desk Lamp,Central,5,152.91,31.03
2024-09-20,CUST-0220,Mechanical Keyboard,West,4,291.57,64.19
2024-09-21,CUST-0191,Water Bottle,West,4,51.24,13.91
2024-09-22,CUST-0094,Mechanical Keyboard,East,2,125.69,13.95
2024-09-23,CUST-0005,Desk Lamp,East,4,115.94,19.53
2024-09-24,CUST-0187,Wireless Mouse,East,5,64.66,10.12
2024-09-24,CUST-0007,Monitor Arm,East,4,211.32,33.45
2024-09-24,CUST-0012,Wireless Mouse,East,3,49.84,10.68
2024-09-24,CUST-0230,Desk Lamp,South,1,29.75,4.22
2024-09-24,CUST-0026,Water Bottle,North,1,9.35,1.48
2024-09-25,CUST-0164,Monitor Arm,North,1,52.54,11.53
2024-09-26,CUST-0176,Monitor Arm,North,3,199.2,43.1
2024-09-26,CUST-0137,Water Bottle,East,2,25.04,7.3
2024-09-27,CUST-0088,Laptop Stand,South,5,172.86,18.72
2024-09-27,CUST-0145,Office Chair,East,5,566.39,102.12
2024-09-28,CUST-0084,Laptop Stand,South,5,188.42,22.15
2024-09-28,CUST-0216,Water Bottle,Central,3,33.77,5.29
2024-09-29,CUST-0008,Desk Lamp,East,2,61.67,10.35
2024-09-29,CUST-0211,Wireless Mouse,West,1,18.52,4.9
2024-09-29,CUST-0027,Wireless Mouse,North,1,19.96,5.92
2024-09-30,CUST-0230,Notebook Set,South,1,15.51,2.6
2024-09-30,CUST-0085,Monitor Arm,North,4,239.04,69.9
2024-09-30,CUST-0186,Office Chair,Central,2,236.53,32.96
2024-10-01,CUST-0043,Office Chair,East,2,262.53,46.52
2024-10-03,CUST-0009,Mechanical Keyboard,Central,2,111.34,23.31
2024-10-03,CUST-0207,Wireless Mouse,South,4,88.44,14.43
2024-10-03,CUST-0118,Desk Lamp,Central,4,110.98,31.57
2024-10-03,CUST-0102,Office Chair,North,1,115.24,24.85
2024-10-03,CUST-0066,Wireless Mouse,Central,5,72.05,13.05
2024-10-04,CUST-0141,Water Bottle,Central,5,42.64,8.86
2024-10-05,CUST-0139,Desk Lamp,East,4,116.47,33.92
2024-10-06,CUST-0167,Notebook Set,North,3,48.51,6.88
2024-10-06,CUST-0189,Wireless Mouse,West,3,56.44,15.57
2024-10-06,CUST-0106,Monitor Arm,West,4,273.94,30.79
2024-10-07,CUST-0104,Mechanical Keyboard,West,4,328.63,86.54
2024-10-07,CUST-0116,Wireless Mouse,East,1,16.67,2.2
2024-10-08,CUST-0059,Notebook Set,North,4,47.78,8.04
2024-10-08,CUST-0106,Desk Lamp,East,4,152.38,18.99
2024-10-09,CUST-0227,Monitor Arm,West,3,132.58,28.85
2024-10-09,CUST-0225,Office Chair,North,4,425.8,71.04
2024-10-09,CUST-0030,Notebook Set,Central,1,16.59,4.05
2024-10-10,CUST-0163,Mechanical Keyboard,Central,3,182.07,48.53
2024-10-11,CUST-0192,Monitor Arm,East,5,282.2,64.87
2024-10-11,CUST-0155,Monitor Arm,West,4,228.31,36.97
2024-10-11,CUST-0005,Laptop Stand,East,2,75.98,12.21
2024-10-11,CUST-0169,Monitor Arm,West,5,292.28,78.56
2024-10-11,CUST-0207,Office Chair,South,4,482.64,94.94
2024-10-12,CUST-0211,Monitor Arm,South,3,161.26,30.61
2024-10-13,CUST-0234,Water Bottle,South,2,26.33,2.97
2024-10-14,CUST-0215,Water Bottle,South,4,47.91,6.8
2024-10-14,CUST-0154,Notebook Set,West,5,85.43,18.85
2024-10-14,CUST-0078,Wireless Mouse,East,4,83.46,11.56
2024-10-15,CUST-0031,Office Chair,Central,3,481.87,132.0
2024-10-15,CUST-0092,Monitor Arm,East,1,54.31,10.58
2024-10-15,CUST-0152,Office Chair,Central,2,236.66,27.48
2024-10-15,CUST-0089,Mechanical Keyboard,Central,3,201.8,38.08
2024-10-15,CUST-0114,Monitor Arm,West,4,240.86,68.97
2024-10-15,CUST-0100,Water Bottle,West,5,64.04,9.04
2024-10-15,CUST-0215,Notebook Set,Central,1,13.66,1.69
2024-10-17,CUST-0234,Notebook Set,Central,3,42.52,7.88
2024-10-18,CUST-0229,Mechanical Keyboard,West,4,273.98,79.63
2024-10-18,CUST-0147,Mechanical Keyboard,South,3,246.06,43.17
2024-10-19,CUST-0130,Mechanical Keyboard,Central,5,385.18,112.98
2024-10-20,CUST-0138,Mechanical Keyboard,West,5,480.09,96.56
2024-10-21,CUST-0185,Desk Lamp,South,3,93.3,27.57
2024-10-22,CUST-0066,Monitor Arm,North,5,208.51,27.63
2024-10-22,CUST-0073,Water Bottle,South,1,15.22,2.07
2024-10-22,CUST-0099,Desk Lamp,North,2,64.9,13.04
2024-10-22,CUST-0118,Office Chair,South,2,291.18,57.22
2024-10-22,CUST-0011,Laptop Stand,North,4,194.51,38.5
2024-10-22,CUST-0218,Office Chair,North,4,618.7,66.73
2024-10-23,CUST-0103,Desk Lamp,North,4,117.64,24.2
2024-10-24,CUST-0153,Notebook Set,South,2,27.88,3.48
2024-10-26,CUST-0014,Desk Lamp,South,5,125.98,23.81
2024-10-27,CUST-0090,Mechanical Keyboard,Central,1,91.35,24.46
2024-10-27,CUST-0016,Monitor Arm,North,5,275.08,75.21
2024-10-28,CUST-0144,Water Bottle,South,1,9.93,2.37
2024-10-28,CUST-0003,Office Chair,West,1,168.75,27.09
2024-10-28,CUST-0133,Office Chair,West,4,619.6,181.02
2024-10-28,CUST-0058,Wireless Mouse,East,5,96.48,13.67
2024-10-29,CUST-0073,Notebook Set,East,5,78.46,22.57
2024-10-29,CUST-0176,Water Bottle,West,3,40.15,7.97
2024-10-30,CUST-0045,Office Chair,Central,4,625.11,148.07
2024-10-31,CUST-0002,Wireless Mouse,Central,1,20.33,3.74
2024-10-31,CUST-0203,Water Bottle,South,4,48.7,10.96
2024-10-31,CUST-0033,Wireless Mouse,East,5,70.59,10.76
2024-11-01,CUST-0132,Desk Lamp,North,4,141.86,23.28
2024-11-01,CUST-0204,Office Chair,South,3,438.88,92.65
2024-11-03,CUST-0032,Wireless Mouse,Central,1,16.16,2.02
2024-11-04,CUST-0124,Desk Lamp,West,1,23.95,3.3
2024-11-04,CUST-0044,Wireless Mouse,North,3,58.21,10.92
2024-11-05,CUST-0121,Desk Lamp,Central,1,34.14,7.57
2024-11-05,CUST-0061,Notebook Set,Central,1,14.22,3.51
2024-11-06,CUST-0214,Water Bottle,West,1,10.94,3.04
2024-11-07,CUST-0091,Wireless Mouse,East,1,18.21,2.91
2024-11-07,CUST-0059,Desk Lamp,South,4,118.62,15.39
2024-11-08,CUST-0023,Wireless Mouse,Central,1,18.64,5.27
2024-11-08,CUST-0222,Monitor Arm,East,3,118.57,33.98
2024-11-09,CUST-0122,Monitor Arm,North,4,218.38,52.5
2024-11-09,CUST-0102,Desk Lamp,Central,4,144.85,28.15
2024-11-10,CUST-0161,Laptop Stand,East,2,96.85,12.82
2024-11-11,CUST-0105,Desk Lamp,East,3,105.6,28.38
2024-11-11,CUST-0216,Desk Lamp,East,4,133.22,15.79
2024-11-11,CUST-0058,Monitor Arm,South,1,68.68,9.09
2024-11-13,CUST-0116,Notebook Set,North,2,31.64,9.28
2024-11-13,CUST-0241,Water Bottle,West,1,13.8,1.77
2024-11-13,CUST-0064,Office Chair,North,1,139.56,15.88
2024-11-13,CUST-0167,Mechanical Keyboard,East,5,434.97,47.42
2024-11-13,CUST-0069,Water Bottle,South,1,12.72,2.88
2024-11-13,CUST-0052,Laptop Stand,North,4,149.93,34.03
2024-11-14,CUST-0058,Office Chair,Central,5,859.3,113.68
2024-11-14,CUST-0119,Monitor Arm,West,2,122.61,28.78
2024-11-15,CUST-0069,Mechanical Keyboard,East,5,347.09,49.71
2024-11-15,CUST-0210,Laptop Stand,West,3,134.15,23.16
2024-11-15,CUST-0137,Mechanical Keyboard,East,4,306.06,49.44
2024-11-16,CUST-0179,Office Chair,East,3,500.21,109.98
2024-11-16,CUST-0196,Desk Lamp,West,4,103.29,18.63
2024-11-17,CUST-0157,Desk Lamp,South,5,133.31,33.01
2024-11-18,CUST-0197,Water Bottle,Central,1,11.18,2.39
2024-11-18,CUST-0226,Desk Lamp,North,2,56.12,14.7
2024-11-18,CUST-0109,Mechanical Keyboard,Central,2,152.33,25.84
2024-11-18,CUST-0053,Desk Lamp,East,1,22.4,2.96
2024-11-19,CUST-0087,Notebook Set,West,5,55.77,6.55
2024-11-19,CUST-0171,Laptop Stand,Central,2,107.32,22.75
2024-11-19,CUST-0188,Water Bottle,South,3,36.15,8.88
2024-11-20,CUST-0177,Mechanical Keyboard,South,5,491.03,70.77
2024-11-21,CUST-0131,Monitor Arm,North,4,230.68,45.63
2024-11-21,CUST-0237,Water Bottle,North,5,75.11,8.24
2024-11-22,CUST-0128,Notebook Set,East,5,53.19,5.71
2024-11-22,CUST-0216,Wireless Mouse,North,2,31.04,7.51
2024-11-23,CUST-0216,Water Bottle,East,5,53.39,11.42
2024-11-23,CUST-0235,Desk Lamp,North,4,117.88,24.67
2024-11-24,CUST-0206,Wireless Mouse,North,5,98.97,18.81
2024-11-24,CUST-0076,Notebook Set,Central,2,36.57,9.46
2024-11-25,CUST-0177,Wireless Mouse,East,5,83.59,9.75
2024-11-25,CUST-0025,Wireless Mouse,South,3,61.58,12.73
2024-11-25,CUST-0249,Wireless Mouse,Central,1,17.25,4.67
2024-11-25,CUST-0065,Mechanical Keyboard,East,4,300.21,85.3
2024-11-25,CUST-0050,Office Chair,South,5,650.56,179.53
2024-11-26,CUST-0106,Notebook Set,Central,5,81.32,21.3
2024-11-26,CUST-0052,Office Chair,East,3,455.18,50.49
2024-11-27,CUST-0103,Desk Lamp,North,4,151.07,21.89
2024-11-29,CUST-0008,Desk Lamp,North,1,36.93,9.23
2024-11-30,CUST-0242,Water Bottle,South,1,12.52,3.21
2024-11-30,CUST-0188,Water Bottle,South,5,65.83,17.4
2024-11-30,CUST-0246,Office Chair,North,5,614.31,81.85
2024-12-01,CUST-0133,Water Bottle,South,3,34.05,6.81
2024-12-01,CUST-0112,Mechanical Keyboard,East,5,350.77,54.26
2024-12-02,CUST-0017,Wireless Mouse,North,4,85.03,21.69
2024-12-03,CUST-0004,Desk Lamp,Central,1,33.42,8.25
2024-12-03,CUST-0133,Wireless Mouse,East,5,84.47,21.92
2024-12-03,CUST-0185,Mechanical Keyboard,East,2,177.3,28.25
2024-12-04,CUST-0117,Office Chair,South,4,579.27,141.39
2024-12-04,CUST-0002,Laptop Stand,Central,5,215.72,39.57
2024-12-05,CUST-0044,Mechanical Keyboard,North,2,156.99,26.84
2024-12-05,CUST-0066,Mechanical Keyboard,West,1,101.09,17.81
2024-12-05,CUST-0165,Office Chair,West,1,172.89,20.14
2024-12-06,CUST-0010,Desk Lamp,North,2,62.97,14.85
2024-12-07,CUST-0186,Wireless Mouse,East,2,36.3,4.29
2024-12-07,CUST-0026,Office Chair,North,4,624.72,158.52
2024-12-07,CUST-0230,Desk Lamp,West,3,99.07,25.72
2024-12-07,CUST-0117,Desk Lamp,South,3,99.16,19.56
2024-12-07,CUST-0073,Notebook Set,West,5,71.8,13.8
2024-12-09,CUST-0137,Office Chair,West,4,667.2,142.23
2024-12-09,CUST-0027,Monitor Arm,West,4,200.98,43.04
2024-12-09,CUST-0180,Wireless Mouse,South,3,57.71,11.98
2024-12-09,CUST-0140,Monitor Arm,South,3,173.55,41.71
2024-12-11,CUST-0039,Laptop Stand,West,1,47.24,8.11
2024-12-11,CUST-0141,Monitor Arm,South,1,53.19,6.61
2024-12-11,CUST-0162,Notebook Set,Central,1,12.23,2.33
2024-12-11,CUST-0022,Water Bottle,North,1,12.18,1.89
2024-12-11,CUST-0193,Water Bottle,North,4,46.95,10.07
2024-12-11,CUST-0146,Office Chair,East,1,132.08,18.43
2024-12-11,CUST-0070,Desk Lamp,Central,3,80.1,16.68
2024-12-12,CUST-0111,Mechanical Keyboard,Central,2,168.28,17.23
2024-12-13,CUST-0237,Monitor Arm,North,1,65.68,6.57
2024-12-13,CUST-0234,Notebook Set,Central,3,47.42,12.59
2024-12-13,CUST-0171,Desk Lamp,East,2,50.33,14.12
2024-12-13,CUST-0073,Monitor Arm,East,3,200.32,41.84
2024-12-14,CUST-0161,Laptop Stand,East,3,141.1,15.7
2024-12-14,CUST-0237,Office Chair,East,1,116.95,12.73
2024-12-14,CUST-0076,Mechanical Keyboard,South,1,107.38,31.31
2024-12-14,CUST-0159,Notebook Set,East,1,12.98,3.81
2024-12-14,CUST-0244,Laptop Stand,South,1,51.86,13.31
2024-12-14,CUST-0091,Wireless Mouse,East,1,16.15,4.54
2024-12-15,CUST-0054,Monitor Arm,Central,1,61.95,7.54
2024-12-15,CUST-0066,Wireless Mouse,Central,4,63.99,13.78
2024-12-15,CUST-0029,Mechanical Keyboard,North,1,81.23,16.81
2024-12-15,CUST-0114,Laptop Stand,North,1,43.72,5.83
2024-12-19,CUST-0064,Office Chair,South,4,655.85,161.94
2024-12-21,CUST-0043,Water Bottle,South,4,27.86,8.19
2024-12-21,CUST-0013,Monitor Arm,East,3,185.4,28.76
2024-12-22,CUST-0164,Notebook Set,North,5,88.06,21.49
2024-12-22,CUST-0094,Monitor Arm,North,1,54.07,11.64
2024-12-23,CUST-0193,Desk Lamp,West,4,132.12,22.33
2024-12-24,CUST-0186,Notebook Set,West,5,86.04,22.37
2024-12-24,CUST-0174,Desk Lamp,West,5,162.71,35.1
2024-12-24,CUST-0178,Wireless Mouse,South,3,56.47,15.64
2024-12-25,CUST-0109,Water Bottle,North,5,82.19,17.17
2024-12-25,CUST-0083,Monitor Arm,Central,4,222.65,27.57
2024-12-26,CUST-0040,Mechanical Keyboard,West,5,353.02,49.07
2024-12-26,CUST-0046,Laptop Stand,South,4,117.61,21.01
2024-12-28,CUST-0241,Mechanical Keyboard,East,1,87.27,25.77
2024-12-28,CUST-0186,Mechanical Keyboard,West,3,279.84,49.37
2024-12-28,CUST-0026,Water Bottle,South,4,47.19,9.74
2024-12-29,CUST-0026,Notebook Set,Central,3,58.16,17.27
2024-12-29,CUST-0017,Water Bottle,West,1,11.4,1.45
2024-12-30,CUST-0249,Notebook Set,East,3,35.79,7.9
2024-12-30,CUST-0238,Mechanical Keyboard,Central,4,316.12,71.8
2024-12-30,CUST-0082,Water Bottle,Central,2,24.0,3.27
2024-12-30,CUST-0041,Office Chair,Central,4,516.28,142.94
2024-12-31,CUST-0242,Monitor Arm,Central,1,67.25,13.96
2025-01-01,CUST-0078,Wireless Mouse,East,5,109.5,13.47
2025-01-01,CUST-0020,Notebook Set,Central,1,14.3,4.13
2025-01-03,CUST-0081,Water Bottle,Central,1,11.68,3.3
2025-01-03,CUST-0074,Desk Lamp,Central,1,26.15,5.34
2025-01-03,CUST-0174,Notebook Set,South,5,77.37,20.83
2025-01-04,CUST-0203,Water Bottle,West,4,52.68,13.8
2025-01-05,CUST-0067,Office Chair,South,3,445.48,115.99
2025-01-05,CUST-0135,Desk Lamp,West,2,73.66,8.94
2025-01-05,CUST-0180,Desk Lamp,West,3,113.13,21.18
2025-01-06,CUST-0149,Water Bottle,South,2,34.24,4.65
2025-01-07,CUST-0178,Monitor Arm,South,5,291.5,50.42
2025-01-07,CUST-0231,Laptop Stand,East,1,54.37,9.74
2025-01-07,CUST-0103,Desk Lamp,South,1,27.78,4.56
2025-01-07,CUST-0129,Wireless Mouse,South,5,98.54,13.88
2025-01-08,CUST-0216,Water Bottle,Central,2,27.69,4.86
2025-01-08,CUST-0039,Mechanical Keyboard,East,2,196.75,35.97
2025-01-08,CUST-0024,Office Chair,East,5,690.49,101.19
2025-01-08,CUST-0066,Office Chair,South,3,501.59,133.07
2025-01-09,CUST-0170,Laptop Stand,Central,2,98.6,14.29
2025-01-10,CUST-0044,Notebook Set,Central,4,55.49,11.61
2025-01-10,CUST-0235,Monitor Arm,West,1,82.97,20.66
2025-01-10,CUST-0011,Water Bottle,West,5,91.41,14.93
2025-01-11,CUST-0067,Monitor Arm,South,4,229.81,60.96
2025-01-11,CUST-0228,Laptop Stand,West,5,240.02,70.37
2025-01-11,CUST-0167,Monitor Arm,West,2,148.12,44.4
2025-01-12,CUST-0204,Notebook Set,East,1,16.43,2.27
2025-01-12,CUST-0035,Notebook Set,North,5,68.38,9.64
2025-01-13,CUST-0126,Laptop Stand,South,2,81.48,16.7
2025-01-13,CUST-0187,Mechanical Keyboard,South,5,453.91,130.69
2025-01-14,CUST-0026,Wireless Mouse,South,5,98.84,18.89
2025-01-14,CUST-0101,Notebook Set,South,1,16.06,4.65
2025-01-14,CUST-0017,Notebook Set,North,3,41.55,9.1
2025-01-14,CUST-0237,Water Bottle,West,5,72.32,11.75
2025-01-15,CUST-0146,Office Chair,West,1,144.71,18.27
2025-01-18,CUST-0192,Desk Lamp,South,3,104.34,13.5
2025-01-19,CUST-0183,Monitor Arm,East,5,226.18,59.73
2025-01-19,CUST-0173,Laptop Stand,West,3,148.41,19.69
2025-01-19,CUST-0249,Laptop Stand,East,5,183.3,46.85
2025-01-20,CUST-0030,Wireless Mouse,East,2,39.18,4.21
2025-01-20,CUST-0053,Wireless Mouse,West,2,32.76,5.6
2025-01-20,CUST-0176,Notebook Set,North,4,57.17,9.3
2025-01-20,CUST-0194,Notebook Set,East,3,47.98,13.54
2025-01-20,CUST-0120,Desk Lamp,South,4,135.28,15.14
2025-01-20,CUST-0074,Wireless Mouse,North,1,14.9,3.51
2025-01-21,CUST-0025,Notebook Set,West,2,31.85,3.25
2025-01-21,CUST-0202,Water Bottle,South,5,59.62,13.17
2025-01-22,CUST-0003,Water Bottle,South,4,52.91,5.94
2025-01-22,CUST-0045,Desk Lamp,North,1,37.68,7.58
2025-01-23,CUST-0115,Notebook Set,East,4,50.18,6.57
2025-01-23,CUST-0161,Desk Lamp,East,2,74.85,20.6
2025-01-24,CUST-0236,Monitor Arm,South,1,54.77,11.09
2025-01-24,CUST-0086,Notebook Set,Central,2,30.96,8.92
2025-01-25,CUST-0141,Monitor Arm,East,1,54.33,11.67
2025-01-25,CUST-0156,Wireless Mouse,North,4,69.73,19.87
2025-01-25,CUST-0067,Laptop Stand,Central,4,216.55,31.51
2025-01-26,CUST-0230,Mechanical Keyboard,North,3,239.77,44.73
2025-01-26,CUST-0037,Mechanical Keyboard,West,5,488.31,76.24
2025-01-26,CUST-0172,Water Bottle,North,3,37.78,10.72
2025-01-27,CUST-0159,Mechanical Keyboard,Central,4,270.58,40.42
2025-01-27,CUST-0046,Notebook Set,South,2,22.31,4.04
2025-01-27,CUST-0102,Mechanical Keyboard,South,5,435.62,117.54
2025-01-27,CUST-0224,Wireless Mouse,East,5,97.83,20.82
2025-01-28,CUST-0182,Monitor Arm,West,5,232.97,35.84
2025-01-28,CUST-0247,Office Chair,South,5,809.99,192.79
2025-01-29,CUST-0053,Notebook Set,West,5,66.55,19.53
2025-01-30,CUST-0031,Office Chair,East,1,126.18,28.91
2025-01-30,CUST-0057,Office Chair,South,3,510.25,108.62
2025-01-30,CUST-0190,Monitor Arm,North,2,116.7,29.33
2025-01-30,CUST-0021,Water Bottle,Central,2,27.49,7.2
2025-01-31,CUST-0015,Mechanical Keyboard,East,1,77.88,19.97
2025-01-31,CUST-0199,Mechanical Keyboard,North,1,80.15,9.76
2025-01-31,CUST-0131,Laptop Stand,South,5,186.42,19.03
2025-02-01,CUST-0166,Wireless Mouse,West,4,83.41,16.27
2025-02-01,CUST-0068,Desk Lamp,West,2,58.9,6.36
2025-02-01,CUST-0029,Mechanical Keyboard,Central,1,97.04,24.3
2025-02-02,CUST-0105,Desk Lamp,North,1,34.53,5.77
2025-02-03,CUST-0004,Monitor Arm,Central,3,145.51,22.94
2025-02-04,CUST-0101,Monitor Arm,West,1,46.87,13.17
2025-02-04,CUST-0184,Desk Lamp,Central,3,88.55,11.43
2025-02-04,CUST-0048,Notebook Set,South,2,25.97,4.14
2025-02-04,CUST-0036,Office Chair,Central,4,804.95,107.67
2025-02-04,CUST-0247,Mechanical Keyboard,West,2,161.43,47.88
2025-02-04,CUST-0223,Notebook Set,South,4,68.72,20.51
2025-02-05,CUST-0131,Water Bottle,West,3,36.68,3.67
2025-02-05,CUST-0249,Office Chair,East,2,282.57,78.62
2025-02-05,CUST-0067,Mechanical Keyboard,South,1,82.06,10.69
2025-02-05,CUST-0250,Desk Lamp,North,3,98.52,13.71
2025-02-06,CUST-0035,Desk Lamp,East,2,69.42,9.5
2025-02-06,CUST-0036,Desk Lamp,West,2,69.43,17.21
2025-02-06,CUST-0066,Monitor Arm,East,4,270.58,37.08
2025-02-07,CUST-0214,Office Chair,South,4,686.1,135.8
2025-02-08,CUST-0226,Notebook Set,East,3,50.67,9.74
2025-02-08,CUST-0178,Monitor Arm,Central,4,223.56,26.27
2025-02-08,CUST-0218,Monitor Arm,Central,4,195.14,39.78
2025-02-09,CUST-0197,Mechanical Keyboard,Central,5,427.29,62.24
2025-02-10,CUST-0232,Monitor Arm,West,5,324.89,94.25
2025-02-10,CUST-0223,Monitor Arm,West,1,52.87,15.24
2025-02-10,CUST-0098,Desk Lamp,West,1,38.07,6.35
2025-02-11,CUST-0209,Desk Lamp,South,2,69.63,7.73
2025-02-11,CUST-0064,Notebook Set,West,5,93.83,20.83
2025-02-12,CUST-0170,Notebook Set,South,4,56.68,10.66
2025-02-13,CUST-0243,Laptop Stand,North,5,190.57,32.46
2025-02-13,CUST-0030,Monitor Arm,South,3,103.45,15.56
2025-02-14,CUST-0064,Notebook Set,West,4,69.72,11.71
2025-02-14,CUST-0217,Monitor Arm,South,1,66.34,15.48
2025-02-14,CUST-0216,Desk Lamp,West,2,39.74,10.54
2025-02-16,CUST-0055,Mechanical Keyboard,Central,2,148.73,34.07
2025-02-17,CUST-0146,Laptop Stand,West,4,187.66,32.23
2025-02-17,CUST-0158,Office Chair,West,2,264.17,44.16
2025-02-18,CUST-0171,Mechanical Keyboard,East,4,359.72,99.23
2025-02-18,CUST-0208,Notebook Set,East,3,53.33,6.69
2025-02-18,CUST-0037,Water Bottle,East,4,63.35,15.86
2025-02-19,CUST-0005,Wireless Mouse,East,5,115.67,12.75
2025-02-19,CUST-0011,Desk Lamp,Central,2,68.18,13.76
2025-02-20,CUST-0236,Office Chair,North,2,315.29,93.11
2025-02-21,CUST-0144,Notebook Set,South,5,71.66,8.59
2025-02-21,CUST-0180,Desk Lamp,East,2,68.81,16.92
2025-02-21,CUST-0057,Wireless Mouse,Central,5,106.22,30.18
2025-02-22,CUST-0013,Water Bottle,North,1,13.37,2.33
2025-02-22,CUST-0004,Wireless Mouse,Central,3,58.95,12.92
2025-02-22,CUST-0097,Desk Lamp,Central,3,93.73,23.41
2025-02-23,CUST-0113,Monitor Arm,North,5,332.53,45.03
2025-02-23,CUST-0149,Monitor Arm,East,2,140.01,20.5
2025-02-23,CUST-0189,Monitor Arm,West,4,280.47,61.55
2025-02-23,CUST-0085,Wireless Mouse,West,5,89.35,23.32
2025-02-25,CUST-0137,Office Chair,South,2,351.28,81.73
2025-02-25,CUST-0093,Wireless Mouse,South,2,37.64,4.5
2025-02-25,CUST-0014,Mechanical Keyboard,North,4,385.17,53.09
2025-02-25,CUST-0160,Office Chair,Central,4,653.53,104.31
2025-02-27,CUST-0111,Desk Lamp,South,2,53.01,11.35
2025-02-28,CUST-0069,Wireless Mouse,East,1,19.37,1.96
2025-03-01,CUST-0194,Notebook Set,West,1,20.0,4.14
2025-03-02,CUST-0090,Laptop Stand,North,1,43.39,7.9
2025-03-03,CUST-0178,Wireless Mouse,Central,2,37.61,6.88
2025-03-04,CUST-0211,Wireless Mouse,North,3,68.92,12.7
2025-03-04,CUST-0188,Monitor Arm,West,1,67.63,13.67
2025-03-06,CUST-0046,Office Chair,North,3,456.44,105.74
2025-03-07,CUST-0159,Mechanical Keyboard,North,2,151.94,35.34
2025-03-07,CUST-0232,Office Chair,Central,5,883.6,255.31
2025-03-10,CUST-0208,Monitor Arm,Central,5,229.79,38.7
2025-03-10,CUST-0060,Mechanical Keyboard,North,2,139.97,36.33
2025-03-10,CUST-0127,Water Bottle,East,3,51.63,5.78
2025-03-10,CUST-0157,Office Chair,South,1,203.57,25.16
2025-03-10,CUST-0117,Office Chair,East,3,450.86,56.13
2025-03-10,CUST-0126,Mechanical Keyboard,West,3,315.32,82.73
2025-03-11,CUST-0187,Notebook Set,South,2,33.03,5.6
2025-03-11,CUST-0207,Laptop Stand,South,2,100.2,26.45
2025-03-12,CUST-0146,Mechanical Keyboard,West,1,91.11,22.62
2025-03-12,CUST-0079,Laptop Stand,East,5,251.85,74.89
2025-03-13,CUST-0087,Notebook Set,North,3,48.7,12.65
2025-03-13,CUST-0039,Monitor Arm,Central,3,151.52,17.22
2025-03-14,CUST-0011,Laptop Stand,Central,5,215.73,43.65
2025-03-15,CUST-0021,Laptop Stand,South,1,50.85,6.01
2025-03-15,CUST-0159,Desk Lamp,East,5,115.36,17.97
2025-03-16,CUST-0185,Notebook Set,East,1,19.8,2.88
2025-03-16,CUST-0041,Wireless Mouse,North,3,62.9,12.25
2025-03-16,CUST-0058,Office Chair,Central,2,283.31,72.81
2025-03-17,CUST-0237,Laptop Stand,Central,3,146.05,32.88
2025-03-17,CUST-0240,Monitor Arm,Central,2,115.32,17.44
2025-03-17,CUST-0245,Desk Lamp,South,5,163.56,20.73
2025-03-18,CUST-0097,Monitor Arm,South,3,191.3,42.48
2025-03-18,CUST-0177,Office Chair,North,1,203.17,57.95
2025-03-18,CUST-0065,Wireless Mouse,West,2,30.67,5.89
2025-03-19,CUST-0225,Notebook Set,South,3,51.53,9.35
2025-03-20,CUST-0200,Office Chair,Central,4,696.25,191.54
2025-03-20,CUST-0220,Water Bottle,Central,3,39.57,9.7
2025-03-21,CUST-0210,Mechanical Keyboard,North,3,247.64,44.75
2025-03-21,CUST-0125,Wireless Mouse,Central,5,78.74,10.95
2025-03-22,CUST-0191,Water Bottle,West,3,34.95,7.12
2025-03-22,CUST-0164,Notebook Set,Central,4,78.87,17.9
2025-03-23,CUST-0044,Desk Lamp,Central,2,69.88,16.05
2025-03-24,CUST-0226,Office Chair,North,1,151.99,22.34
2025-03-25,CUST-0154,Desk Lamp,West,4,133.63,23.38
2025-03-25,CUST-0208,Wireless Mouse,South,4,54.47,10.02
2025-03-25,CUST-0058,Laptop Stand,West,1,46.69,13.4
2025-03-25,CUST-0046,Office Chair,East,3,442.2,78.64
2025-03-26,CUST-0135,Wireless Mouse,West,1,19.82,4.48
2025-03-27,CUST-0241,Water Bottle,South,3,47.23,13.53
2025-03-28,CUST-0162,Office Chair,East,2,343.69,44.94
2025-03-28,CUST-0156,Monitor Arm,West,4,217.69,59.49
2025-03-28,CUST-0070,Monitor Arm,South,2,109.06,14.02
2025-03-29,CUST-0161,Monitor Arm,West,2,140.11,34.13
2025-03-30,CUST-0070,Wireless Mouse,North,4,66.24,10.66
2025-03-30,CUST-0070,Wireless Mouse,East,1,19.83,5.49
2025-03-30,CUST-0085,Wireless Mouse,North,4,69.07,17.47
2025-03-31,CUST-0007,Wireless Mouse,South,4,77.05,12.91
2025-03-31,CUST-0058,Office Chair,North,2,361.9,92.32
2025-03-31,CUST-0140,Laptop Stand,West,3,131.59,27.76
2025-04-01,CUST-0155,Desk Lamp,East,2,71.76,10.03
2025-04-01,CUST-0141,Water Bottle,West,4,54.3,13.1
2025-04-02,CUST-0115,Desk Lamp,South,4,123.09,18.43
2025-04-02,CUST-0197,Water Bottle,East,1,9.64,1.51
2025-04-03,CUST-0133,Office Chair,North,5,761.24,164.9
2025-04-03,CUST-0098,Notebook Set,North,2,34.37,4.84
2025-04-04,CUST-0108,Monitor Arm,Central,2,105.66,26.76
2025-04-04,CUST-0138,Water Bottle,South,3,46.61,12.81
2025-04-04,CUST-0198,Water Bottle,Central,2,27.16,6.07
2025-04-05,CUST-0182,Laptop Stand,Central,3,120.81,24.38
2025-04-05,CUST-0155,Notebook Set,South,4,72.02,20.68
2025-04-05,CUST-0214,Desk Lamp,North,3,84.16,15.66
2025-04-06,CUST-0194,Water Bottle,North,2,33.88,7.47
2025-04-06,CUST-0013,Water Bottle,West,1,12.56,1.57
2025-04-06,CUST-0108,Desk Lamp,Central,4,130.56,35.91
2025-04-07,CUST-0175,Mechanical Keyboard,South,5,458.56,46.69
2025-04-08,CUST-0071,Desk Lamp,North,3,110.6,13.23
2025-04-10,CUST-0181,Wireless Mouse,North,5,109.33,14.34
2025-04-10,CUST-0115,Mechanical Keyboard,Central,1,74.29,21.87
2025-04-11,CUST-0029,Notebook Set,Central,3,59.31,10.14
2025-04-11,CUST-0095,Notebook Set,West,2,32.39,7.21
2025-04-12,CUST-0079,Notebook Set,East,3,59.84,13.13
2025-04-13,CUST-0211,Notebook Set,South,1,17.63,2.14
2025-04-13,CUST-0134,Desk Lamp,South,5,148.61,37.64
2025-04-13,CUST-0249,Office Chair,West,1,144.47,17.91
2025-04-14,CUST-0074,Wireless Mouse,Central,5,88.47,14.12
2025-04-14,CUST-0079,Water Bottle,Central,5,73.64,19.6
2025-04-15,CUST-0017,Laptop Stand,South,3,148.46,23.78
2025-04-15,CUST-0126,Office Chair,North,5,697.9,70.69
2025-04-15,CUST-0112,Wireless Mouse,East,2,44.7,13.37
2025-04-16,CUST-0013,Desk Lamp,East,5,141.59,41.29
2025-04-16,CUST-0205,Laptop Stand,Central,4,161.83,29.01
2025-04-17,CUST-0226,Wireless Mouse,North,5,98.49,11.37
2025-04-17,CUST-0218,Wireless Mouse,Central,1,19.68,3.48
2025-04-17,CUST-0022,Desk Lamp,West,3,108.88,16.05
2025-04-18,CUST-0082,Mechanical Keyboard,West,2,164.75,42.87
2025-04-18,CUST-0191,Water Bottle,East,2,20.51,2.79
2025-04-18,CUST-0049,Wireless Mouse,West,4,78.56,17.68
2025-04-18,CUST-0189,Office Chair,West,5,918.5,195.57
2025-04-19,CUST-0213,Monitor Arm,North,1,55.81,14.06
2025-04-19,CUST-0098,Notebook Set,East,5,70.81,11.84
2025-04-19,CUST-0071,Water Bottle,Central,4,67.55,12.1
2025-04-20,CUST-0027,Desk Lamp,West,5,170.53,27.23
2025-04-20,CUST-0027,Water Bottle,Central,1,11.01,1.24
2025-04-20,CUST-0176,Notebook Set,South,1,15.5,3.54
2025-04-20,CUST-0193,Wireless Mouse,Central,5,90.84,17.86
2025-04-20,CUST-0207,Wireless Mouse,Central,2,40.78,6.38
2025-04-20,CUST-0223,Mechanical Keyboard,East,1,71.3,13.01
2025-04-21,CUST-0092,Wireless Mouse,West,2,43.65,5.55
2025-04-21,CUST-0091,Desk Lamp,East,3,120.52,35.16
2025-04-21,CUST-0229,Laptop Stand,Central,3,132.05,14.26
2025-04-21,CUST-0038,Desk Lamp,West,2,63.5,18.9
2025-04-21,CUST-0051,Water Bottle,East,1,12.81,3.73
2025-04-21,CUST-0147,Mechanical Keyboard,East,1,84.38,21.88
2025-04-22,CUST-0137,Monitor Arm,West,1,50.6,8.38
2025-04-22,CUST-0095,Desk Lamp,Central,2,68.81,18.78
2025-04-25,CUST-0001,Notebook Set,East,4,51.43,7.1
2025-04-25,CUST-0098,Monitor Arm,South,5,356.08,92.88
2025-04-26,CUST-0130,Laptop Stand,South,3,152.6,19.89
2025-04-28,CUST-0093,Desk Lamp,South,3,82.65,13.42
2025-04-29,CUST-0215,Water Bottle,South,5,58.32,8.21
2025-04-29,CUST-0164,Mechanical Keyboard,East,2,144.59,37.87
2025-04-29,CUST-0002,Laptop Stand,South,1,42.08,9.27
2025-04-29,CUST-0162,Office Chair,East,5,883.73,259.7
2025-05-02,CUST-0043,Monitor Arm,North,4,236.44,52.75
2025-05-02,CUST-0103,Wireless Mouse,West,3,67.99,17.93
2025-05-03,CUST-0020,Desk Lamp,North,1,49.94,13.41
2025-05-03,CUST-0029,Monitor Arm,Central,2,113.37,21.98
2025-05-04,CUST-0226,Desk Lamp,West,2,58.72,6.17
2025-05-04,CUST-0005,Water Bottle,South,2,32.04,7.12
2025-05-04,CUST-0227,Wireless Mouse,Central,5,115.75,29.06
2025-05-04,CUST-0149,Office Chair,Central,3,352.28,85.23
2025-05-05,CUST-0012,Wireless Mouse,West,1,21.81,2.43
2025-05-05,CUST-0193,Mechanical Keyboard,East,3,282.88,66.94
2025-05-06,CUST-0086,Monitor Arm,East,4,148.49,34.98
2025-05-06,CUST-0103,Notebook Set,Central,1,16.5,3.49
2025-05-07,CUST-0148,Water Bottle,West,4,47.2,7.43
2025-05-07,CUST-0120,Notebook Set,North,1,14.88,2.42
2025-05-07,CUST-0052,Notebook Set,North,3,52.28,14.34
2025-05-07,CUST-0204,Wireless Mouse,East,1,22.74,4.24
2025-05-08,CUST-0233,Wireless Mouse,North,1,14.9,2.65
2025-05-10,CUST-0225,Monitor Arm,West,2,123.77,25.03
2025-05-11,CUST-0218,Monitor Arm,North,5,399.82,59.1
2025-05-11,CUST-0168,Notebook Set,South,5,93.17,17.3
2025-05-11,CUST-0094,Desk Lamp,West,4,117.17,34.95
2025-05-11,CUST-0181,Laptop Stand,East,4,140.43,20.24
2025-05-11,CUST-0192,Office Chair,South,5,678.72,185.01
2025-05-12,CUST-0137,Mechanical Keyboard,South,3,340.18,57.36
2025-05-12,CUST-0163,Laptop Stand,North,2,54.04,10.83
2025-05-13,CUST-0024,Desk Lamp,North,4,144.26,18.8
2025-05-13,CUST-0144,Wireless Mouse,North,5,98.42,17.59
2025-05-14,CUST-0163,Office Chair,West,5,635.08,72.2
2025-05-14,CUST-0166,Office Chair,Central,5,653.02,140.49
2025-05-14,CUST-0249,Mechanical Keyboard,South,3,265.2,70.47
2025-05-14,CUST-0246,Office Chair,Central,3,614.07,118.95
2025-05-15,CUST-0019,Monitor Arm,South,4,211.25,43.01
2025-05-15,CUST-0013,Laptop Stand,South,1,45.6,9.16
2025-05-15,CUST-0176,Laptop Stand,South,5,236.37,56.78
2025-05-16,CUST-0012,Office Chair,Central,4,613.9,155.51
2025-05-16,CUST-0055,Water Bottle,North,3,39.81,4.52
2025-05-17,CUST-0174,Office Chair,East,1,207.31,45.62
2025-05-17,CUST-0035,Water Bottle,North,3,38.96,6.05
2025-05-17,CUST-0205,Laptop Stand,East,1,58.27,14.24
2025-05-17,CUST-0062,Office Chair,East,3,473.44,131.09
2025-05-18,CUST-0117,Monitor Arm,South,1,41.84,4.79
2025-05-18,CUST-0242,Desk Lamp,East,5,220.69,42.59
2025-05-19,CUST-0231,Office Chair,Central,5,785.13,97.43
2025-05-19,CUST-0155,Water Bottle,East,5,49.36,8.58
2025-05-20,CUST-0006,Desk Lamp,North,1,30.59,3.96
2025-05-20,CUST-0182,Office Chair,East,5,927.52,117.46
2025-05-20,CUST-0026,Laptop Stand,North,1,49.79,13.48
2025-05-20,CUST-0239,Notebook Set,Central,2,27.84,4.11
2025-05-20,CUST-0248,Office Chair,Central,5,711.19,169.31
2025-05-20,CUST-0092,Notebook Set,West,4,57.09,12.55
2025-05-21,CUST-0077,Notebook Set,West,2,37.72,8.17
2025-05-22,CUST-0087,Water Bottle,North,3,37.35,6.31
2025-05-22,CUST-0183,Monitor Arm,North,3,156.28,16.04
2025-05-22,CUST-0103,Office Chair,West,4,596.22,75.39
2025-05-23,CUST-0101,Water Bottle,South,2,28.17,5.0
2025-05-24,CUST-0013,Mechanical Keyboard,Central,1,88.46,12.12
2025-05-24,CUST-0033,Mechanical Keyboard,West,2,194.56,34.75
2025-05-25,CUST-0020,Notebook Set,South,1,15.27,4.4
2025-05-25,CUST-0041,Water Bottle,Central,2,25.98,5.95
2025-05-25,CUST-0091,Notebook Set,Central,3,69.13,18.38
2025-05-25,CUST-0041,Notebook Set,North,3,51.34,9.8
2025-05-25,CUST-0015,Notebook Set,Central,1,18.65,1.9
2025-05-25,CUST-0162,Notebook Set,South,5,83.77,17.99
2025-05-26,CUST-0204,Notebook Set,North,1,15.03,2.16
2025-05-26,CUST-0039,Mechanical Keyboard,East,2,220.66,44.74
2025-05-26,CUST-0169,Notebook Set,West,3,41.34,7.57
2025-05-27,CUST-0133,Laptop Stand,West,1,44.06,11.0
2025-05-27,CUST-0208,Water Bottle,Central,5,71.5,12.55
2025-05-27,CUST-0103,Mechanical Keyboard,North,2,165.86,35.0
2025-05-27,CUST-0148,Laptop Stand,Central,4,205.07,41.54
2025-05-28,CUST-0072,Office Chair,West,2,326.73,92.06
2025-05-30,CUST-0185,Office Chair,North,1,186.89,39.4
2025-05-30,CUST-0002,Mechanical Keyboard,West,2,221.02,24.74
2025-05-30,CUST-0131,Desk Lamp,Central,1,27.62,3.53
2025-05-30,CUST-0250,Desk Lamp,South,4,147.57,15.56
2025-05-31,CUST-0096,Desk Lamp,Central,2,70.16,9.57
2025-05-31,CUST-0176,Office Chair,West,2,311.59,41.65
2025-05-31,CUST-0169,Wireless Mouse,Central,1,20.07,4.43
2025-06-01,CUST-0045,Mechanical Keyboard,West,3,255.26,32.32
2025-06-01,CUST-0045,Laptop Stand,North,3,131.44,25.86
2025-06-01,CUST-0011,Wireless Mouse,South,1,22.7,6.76
2025-06-02,CUST-0169,Office Chair,East,4,756.65,101.22
2025-06-02,CUST-0090,Laptop Stand,North,4,219.8,36.61
2025-06-03,CUST-0107,Monitor Arm,South,1,54.11,9.67
2025-06-04,CUST-0185,Desk Lamp,West,4,165.14,25.13
2025-06-04,CUST-0202,Desk Lamp,North,2,67.31,7.8
2025-06-04,CUST-0176,Office Chair,Central,3,415.32,44.39
2025-06-04,CUST-0225,Mechanical Keyboard,North,5,499.14,119.29
2025-06-05,CUST-0085,Notebook Set,West,5,73.39,20.25
2025-06-05,CUST-0130,Desk Lamp,Central,5,190.71,51.4
2025-06-06,CUST-0220,Mechanical Keyboard,South,4,332.08,83.71
2025-06-07,CUST-0233,Desk Lamp,North,4,145.33,28.34
2025-06-07,CUST-0146,Notebook Set,North,4,70.49,7.61
2025-06-08,CUST-0217,Water Bottle,Central,4,37.06,5.06
2025-06-08,CUST-0093,Desk Lamp,Central,3,83.86,16.57
2025-06-08,CUST-0233,Laptop Stand,West,3,160.84,42.28
2025-06-08,CUST-0029,Monitor Arm,North,2,135.74,22.88
2025-06-09,CUST-0151,Water Bottle,South,5,48.98,5.1
2025-06-09,CUST-0030,Mechanical Keyboard,West,5,307.29,45.62
2025-06-09,CUST-0204,Notebook Set,East,3,55.95,10.72
2025-06-09,CUST-0106,Notebook Set,East,4,47.86,5.27
2025-06-09,CUST-0142,Mechanical Keyboard,North,4,347.42,59.48
2025-06-09,CUST-0206,Monitor Arm,Central,3,182.07,50.52
2025-06-10,CUST-0123,Mechanical Keyboard,North,1,101.63,22.48
2025-06-12,CUST-0073,Water Bottle,North,5,72.35,15.23
2025-06-14,CUST-0221,Office Chair,South,1,134.11,14.68
2025-06-15,CUST-0066,Notebook Set,West,4,73.62,13.58
2025-06-15,CUST-0157,Mechanical Keyboard,South,4,374.7,73.0
2025-06-15,CUST-0106,Mechanical Keyboard,East,2,164.7,41.58
2025-06-17,CUST-0210,Laptop Stand,North,5,151.56,31.74
2025-06-20,CUST-0031,Mechanical Keyboard,West,3,304.29,33.75
2025-06-20,CUST-0132,Wireless Mouse,West,3,62.6,7.64
2025-06-20,CUST-0125,Desk Lamp,Central,2,90.72,15.02
2025-06-20,CUST-0131,Office Chair,North,1,140.68,28.45
2025-06-21,CUST-0137,Wireless Mouse,East,3,78.73,19.45
2025-06-21,CUST-0195,Desk Lamp,Central,2,80.16,21.77
2025-06-23,CUST-0003,Wireless Mouse,West,2,44.51,5.94
